snapshot_id,project_id,snapshot_date,readiness_total
0efcddfe-cb2c-52db-a425-3e96826eaf34,d74c8638-b266-5ed1-bc2c-ca130a0463da,2026-09-22,52.00
111dc3c3-f1c0-5a9f-805f-eaa76d3e397e,d74c8638-b266-5ed1-bc2c-ca130a0463da,2026-09-27,68.75
3a16aa33-27b8-5668-88de-e301df14d4a2,196465cf-563e-507e-aa03-b73497ac8e56,2026-09-27,51.25
456c1bee-8f93-5a2f-8311-27e1ce3cb5ad,d74c8638-b266-5ed1-bc2c-ca130a0463da,2026-09-20,41.00
8bf59a6a-a54e-57f6-9a4e-5d443bd00c55,d74c8638-b266-5ed1-bc2c-ca130a0463da,2026-09-23,55.00
8ce87f2c-af5f-555a-96b9-055482aad980,d43ad9c0-24eb-55e2-a41b-60a19c446eb2,2026-09-27,26.25
ac2e2247-0bf5-5471-ba2a-a32579ce81ef,8b0fd28f-7963-5089-879a-6970d82e04af,2026-09-27,100.00
b672f2bc-65b9-5e9a-a87f-a20840b7b508,d74c8638-b266-5ed1-bc2c-ca130a0463da,2026-09-26,58.00
c3f38682-d358-5b93-a0a6-be20ba56db0b,03f0d59d-ab53-519c-912e-71c66f38f3b6,2026-09-27,51.25
d734ae34-df3e-5fa3-82bc-8673cd3001e6,d74c8638-b266-5ed1-bc2c-ca130a0463da,2026-09-24,58.00
dead8e40-eba2-5e1b-881c-8c42441be794,d74c8638-b266-5ed1-bc2c-ca130a0463da,2026-09-21,44.50
e4dc7e21-cf50-583d-b0f2-c89618cf018e,d74c8638-b266-5ed1-bc2c-ca130a0463da,2026-09-25,58.00
e9035032-a53f-5466-b05e-df8eb580ed46,d43ad9c0-24eb-55e2-a41b-60a19c446eb2,2026-09-25,0.00
f76f68d8-0f1c-5676-b2b6-af965b0f16ba,acbcadc9-e8ae-5507-b207-6322f59faf0e,2026-09-27,47.50
