request_id,project_id,org_id,services,note,status,response_note,sent_at,responded_at,confirmed_at
0bf889da-e22c-5f2d-964f-50993f13e6c7,d74c8638-b266-5ed1-bc2c-ca130a0463da,67fc4355-67c0-55f3-a64b-1ad3381c6fdf,"[""full_production"",""permits_paperwork""]",We need a Vietnamese entity for the Article 13 dossier and a line producer in Ninh Bình.,accepted,Happy to support. Proposal attached; rates available after the NDA.,2026-09-18T09:30:00+07:00,2026-09-22T15:10:00+07:00,
12a25226-acf2-56b5-a74f-bfa4f5c0bfa2,196465cf-563e-507e-aa03-b73497ac8e56,0ab609da-d252-524e-8d29-fe3c650e6f04,"[""casting""]",30 extras for a night-market scene.,declined,Not available in June 2027.,2026-09-10T09:30:00+07:00,2026-09-11T15:10:00+07:00,
21a30c0d-5779-50ae-a32f-6d694d234cd8,acbcadc9-e8ae-5507-b207-6322f59faf0e,f3ea9e71-49a4-5129-acf1-2cb554852de9,"[""camera_lighting""]",Aerial shots over the salt fields.,withdrawn,,2026-09-05T09:30:00+07:00,,
25023992-0ef7-540f-ae2d-07cc3aeadfeb,d74c8638-b266-5ed1-bc2c-ca130a0463da,42686fb9-acaf-5285-a364-b1b900a96f41,"[""location_management""]",Scouting in Quảng Trị.,withdrawn,,2026-09-01T09:30:00+07:00,,
39347c89-ce44-5eca-8fb2-f19e10e43fca,d43ad9c0-24eb-55e2-a41b-60a19c446eb2,97ad811f-325f-571b-a3bb-c35519cfd15c,"[""full_production""]",We are looking for a nationwide partner for a 34-province documentary. Please see the itinerary for each province. Please see the itinerary for each province. Please see the itinerary for each province. Please see the itinerary for each province. Please see the itinerary for each province. Please see the itinerary for each province. Please see the itinerary for each province. Please see the itinerary for each province. Please see the itinerary for each province. Please see the itinerary for each province. Please see the itinerary for each province. Please see the itinerary for each province. Please see the itinerary for each province. Please see the itinerary for each province. Please see the itinerary for each province. Please see the itinerary for each province. Please see the itinerary for each province. Please see the itinerary for each province. Please see the itinerary for each province. Please see the itinerary for each province. Please see the itinerary for each province. Pleas,pending,,2026-09-26T09:30:00+07:00,,
45b67f20-9ed8-551a-a6e4-6678815813c7,03f0d59d-ab53-519c-912e-71c66f38f3b6,fe417755-4e37-5f18-bebe-f23e2293ff55,"[""crew"",""camera_lighting""]",,pending,,2026-09-25T09:30:00+07:00,,
7cde0a0f-fe83-5e9e-852a-10bdf8333422,acbcadc9-e8ae-5507-b207-6322f59faf0e,f6218fa2-afe1-5d13-8851-312e145b3399,"[""full_production""]","Mekong Delta shoot, May 2027.",info_requested,Please share the shooting schedule by week.,2026-09-12T09:30:00+07:00,2026-09-14T15:10:00+07:00,
e038d4d1-88c3-5daf-8867-17eb872ce971,d74c8638-b266-5ed1-bc2c-ca130a0463da,e6e8e5aa-0428-517d-9432-f03f98f612a8,"[""transport_logistics""]",Boats for 3 days in Hạ Long (backup location).,under_review,,2026-09-20T09:30:00+07:00,2026-09-21T15:10:00+07:00,
f971c1ed-7b3d-599e-ac1b-ffdc9342a2b6,8b0fd28f-7963-5089-879a-6970d82e04af,e6e8e5aa-0428-517d-9432-f03f98f612a8,"[""transport_logistics""]",Dawn shoot on the wharf.,confirmed,Confirmed for 08/11.,2026-08-20T09:30:00+07:00,2026-08-21T15:10:00+07:00,2026-08-25T10:00:00+07:00
