project_id,doc_code,state
196465cf-563e-507e-aa03-b73497ac8e56,A13_APPLICATION,needs_fix
196465cf-563e-507e-aa03-b73497ac8e56,A13_ART9_COMMITMENT,missing
196465cf-563e-507e-aa03-b73497ac8e56,A13_SCRIPT_VI,missing
196465cf-563e-507e-aa03-b73497ac8e56,A13_SERVICE_AGREEMENT,missing
8b0fd28f-7963-5089-879a-6970d82e04af,A13_APPLICATION,present
8b0fd28f-7963-5089-879a-6970d82e04af,A13_ART9_COMMITMENT,present
8b0fd28f-7963-5089-879a-6970d82e04af,A13_SCRIPT_VI,present
8b0fd28f-7963-5089-879a-6970d82e04af,A13_SERVICE_AGREEMENT,present
acbcadc9-e8ae-5507-b207-6322f59faf0e,A13_APPLICATION,present
acbcadc9-e8ae-5507-b207-6322f59faf0e,A13_ART9_COMMITMENT,missing
acbcadc9-e8ae-5507-b207-6322f59faf0e,A13_SCRIPT_VI,missing
acbcadc9-e8ae-5507-b207-6322f59faf0e,A13_SERVICE_AGREEMENT,missing
d74c8638-b266-5ed1-bc2c-ca130a0463da,A13_APPLICATION,present
d74c8638-b266-5ed1-bc2c-ca130a0463da,A13_ART9_COMMITMENT,missing
d74c8638-b266-5ed1-bc2c-ca130a0463da,A13_SCRIPT_VI,needs_fix
d74c8638-b266-5ed1-bc2c-ca130a0463da,A13_SERVICE_AGREEMENT,pending
d74c8638-b266-5ed1-bc2c-ca130a0463da,FOREIGN_CREW_LIST,present
d74c8638-b266-5ed1-bc2c-ca130a0463da,HERITAGE_SITE_PERMIT,missing
f1419149-4224-59e3-84d5-0697a882957c,SERVICE_CONTRACT_C,missing
