project_id,doc_code,idx,source_text,target_text,status,reviewed_by,reviewer_org_id,reviewed_at
8b0fd28f-7963-5089-879a-6970d82e04af,A13_SCRIPT_VI,1,A lone saxophonist plays on the wharf at dawn.,Một nghệ sĩ saxophone một mình chơi nhạc trên cầu tàu lúc bình minh.,reviewed,4ef79de6-8efb-58f7-8514-9c0532345ac4,,2026-08-28T09:00:00+07:00
acbcadc9-e8ae-5507-b207-6322f59faf0e,A13_SCRIPT_VI,1,Salt farmers and rice growers of the Mekong Delta through one year.,,machine,,,
d74c8638-b266-5ed1-bc2c-ca130a0463da,A13_SCRIPT_VI,1,"In 1972, an old ferryman carries villagers across a river between limestone karsts at dawn.","[Bản dịch máy đoạn 1] In 1972, an old ferryman carries villagers across a river between limestone karsts at dawn.",reviewed,ccc2764e-7734-5390-9c71-46963d2f7820,67fc4355-67c0-55f3-a64b-1ad3381c6fdf,2026-09-24T11:00:00+07:00
d74c8638-b266-5ed1-bc2c-ca130a0463da,A13_SCRIPT_VI,2,"One night, soldiers ask him to take them across in secret.","[Bản dịch máy đoạn 2] One night, soldiers ask him to take them across in secret.",reviewed,ccc2764e-7734-5390-9c71-46963d2f7820,67fc4355-67c0-55f3-a64b-1ad3381c6fdf,2026-09-24T12:00:00+07:00
d74c8638-b266-5ed1-bc2c-ca130a0463da,A13_SCRIPT_VI,3,"He agrees, and the crossing changes the village for a generation.","[Bản dịch máy đoạn 3] He agrees, and the crossing changes the village for a generation.",reviewed,ccc2764e-7734-5390-9c71-46963d2f7820,67fc4355-67c0-55f3-a64b-1ad3381c6fdf,2026-09-24T13:00:00+07:00
d74c8638-b266-5ed1-bc2c-ca130a0463da,A13_SCRIPT_VI,4,"Decades later, his granddaughter Min-seo returns from Seoul.","[Bản dịch máy đoạn 4] Decades later, his granddaughter Min-seo returns from Seoul.",reviewed,ccc2764e-7734-5390-9c71-46963d2f7820,67fc4355-67c0-55f3-a64b-1ad3381c6fdf,2026-09-24T14:00:00+07:00
d74c8638-b266-5ed1-bc2c-ca130a0463da,A13_SCRIPT_VI,5,She finds the ferry landing abandoned and the boat sunk in the reeds.,[Bản dịch máy đoạn 5] She finds the ferry landing abandoned and the boat sunk in the reeds.,reviewed,ccc2764e-7734-5390-9c71-46963d2f7820,67fc4355-67c0-55f3-a64b-1ad3381c6fdf,2026-09-24T15:00:00+07:00
d74c8638-b266-5ed1-bc2c-ca130a0463da,A13_SCRIPT_VI,6,An old woman at the market recognises her grandfather's face in her own.,[Bản dịch máy đoạn 6] An old woman at the market recognises her grandfather's face in her own.,reviewed,ccc2764e-7734-5390-9c71-46963d2f7820,67fc4355-67c0-55f3-a64b-1ad3381c6fdf,2026-09-24T16:00:00+07:00
d74c8638-b266-5ed1-bc2c-ca130a0463da,A13_SCRIPT_VI,7,Together they raise the boat and repair it through the rainy season.,[Bản dịch máy đoạn 7] Together they raise the boat and repair it through the rainy season.,machine,,,
d74c8638-b266-5ed1-bc2c-ca130a0463da,A13_SCRIPT_VI,8,Villagers begin to bring their own memories of the crossing.,[Bản dịch máy đoạn 8] Villagers begin to bring their own memories of the crossing.,machine,,,
d74c8638-b266-5ed1-bc2c-ca130a0463da,A13_SCRIPT_VI,9,"Min-seo records them on her phone, one voice at a time.","[Bản dịch máy đoạn 9] Min-seo records them on her phone, one voice at a time.",machine,,,
d74c8638-b266-5ed1-bc2c-ca130a0463da,A13_SCRIPT_VI,10,A storm floods the valley and the only way across is the old ferry.,[Bản dịch máy đoạn 10] A storm floods the valley and the only way across is the old ferry.,machine,,,
d74c8638-b266-5ed1-bc2c-ca130a0463da,A13_SCRIPT_VI,11,"She rows the villagers across at night, as her grandfather once did.","[Bản dịch máy đoạn 11] She rows the villagers across at night, as her grandfather once did.",machine,,,
d74c8638-b266-5ed1-bc2c-ca130a0463da,A13_SCRIPT_VI,12,At dawn the karsts appear through the mist.,[Bản dịch máy đoạn 12] At dawn the karsts appear through the mist.,machine,,,
d74c8638-b266-5ed1-bc2c-ca130a0463da,A13_SCRIPT_VI,13,The old woman tells her who the soldiers were.,[Bản dịch máy đoạn 13] The old woman tells her who the soldiers were.,machine,,,
d74c8638-b266-5ed1-bc2c-ca130a0463da,A13_SCRIPT_VI,14,Min-seo leaves the ferry at the landing and returns to Seoul.,[Bản dịch máy đoạn 14] Min-seo leaves the ferry at the landing and returns to Seoul.,machine,,,
