audit_log_id,action,admin_id,target_id,logged_at
17507728-b421-5415-93bb-3e7fb63fea76,location.unpublish,74749444-a35e-5c4b-892b-2f8cb8cf80b9,ae2760b4-7a9b-5528-a202-39e5a1d456f0,2026-09-19T16:40:00+07:00
3126655f-7593-51f9-8e36-6eaa80afe947,role.grant,dffdeb6f-0d86-5bd0-8d0e-85962427b1d2,ccc2764e-7734-5390-9c71-46963d2f7820,2026-06-10T10:30:00+07:00
33f0f1b3-1e9c-5f26-92d8-407b84b1e733,location.publish,515529a9-46d9-559c-aab4-e5fb31eedeea,607132bd-b05b-52c6-900f-5f2928c17a9e,2026-06-02T09:10:00+07:00
4148e2fd-9cd1-5ce7-a9ce-d614e3f50ad1,location.publish,515529a9-46d9-559c-aab4-e5fb31eedeea,29b80495-6dbd-5d4f-b320-96ae8ccf0729,2026-06-02T09:15:00+07:00
588c7813-e682-5d38-9019-2a7c89568a59,org.verify.reject,515529a9-46d9-559c-aab4-e5fb31eedeea,04073a2d-56fe-5806-b57f-b2d64684990e,2026-06-20T14:30:00+07:00
69b27003-b679-5748-8f60-15eec9eaaf2a,content.hide,74749444-a35e-5c4b-892b-2f8cb8cf80b9,b47a7088-d50f-54e7-990f-f9480c426a6a,2026-09-03T10:15:00+07:00
866dde2c-686b-5b20-adce-4a56b6103c78,report.export,515529a9-46d9-559c-aab4-e5fb31eedeea,3f5f4ebf-471f-5dfc-b044-9841ecab8c88,2026-09-30T16:01:00+07:00
89bdb651-a316-54be-b5a1-11837f9bf42f,rule.sign,d8eb7d55-1c9f-59fe-8ebf-2c509ea2b49f,842f7466-82e1-5711-8ad9-5b48802355a8,2026-08-28T15:30:00+07:00
91c5e286-19da-5636-8508-ca6d0c50df24,rule.retire,d8eb7d55-1c9f-59fe-8ebf-2c509ea2b49f,41d62c39-2f0e-5f72-be8d-7c289bf3ad19,2026-08-28T15:35:00+07:00
9dde7cad-fbe6-55f7-88cd-a0c3be7fa12c,org.verify.approve,515529a9-46d9-559c-aab4-e5fb31eedeea,1c6903f3-60c3-52ec-8da2-18152c67cafd,2026-06-12T11:00:00+07:00
a17dcb42-e782-5007-8a6b-5a0e16a1ccaa,content.approve,515529a9-46d9-559c-aab4-e5fb31eedeea,a79d7371-885f-58d3-9713-4629f93c580f,2026-09-12T09:30:00+07:00
d0c73946-b8f5-50a1-b5fb-8594b7fbe7d0,org.verify.approve,dffdeb6f-0d86-5bd0-8d0e-85962427b1d2,3f837198-4a68-5a70-8750-2be824c4d82a,2026-09-01T11:00:00+07:00
