user_id,consent_version,accepted_at
118de3c8-88eb-5003-a2f9-26bbdd0186ae,2026.1,2026-09-08T10:01:00+07:00
1396ef42-92a1-55ca-bfd0-199050d5411b,2026.1,2026-09-10T10:01:00+07:00
18557ae8-32fa-5e30-9f76-295c73953f1d,2026.1,2026-07-14T10:01:00+07:00
2985398f-7372-5d92-a85d-117c3a4b91e4,2026.1,2026-09-20T10:01:00+07:00
2e513ee3-0d58-52f1-b847-91de33b554ce,2026.1,2026-07-01T10:01:00+07:00
4ef79de6-8efb-58f7-8514-9c0532345ac4,2026.1,2026-08-30T10:01:00+07:00
4ef79de6-8efb-58f7-8514-9c0532345ac4,2026.2,2026-09-20T08:15:00+07:00
515529a9-46d9-559c-aab4-e5fb31eedeea,2026.1,2026-06-01T10:01:00+07:00
51cb9dcd-186a-5a75-86a7-83164edf55c4,2026.1,2026-03-05T10:01:00+07:00
74749444-a35e-5c4b-892b-2f8cb8cf80b9,2026.1,2026-06-01T10:01:00+07:00
7fb2c537-b4ce-5e60-88e7-4c29c845c7da,2026.1,2026-09-27T10:01:00+07:00
95f36904-6141-5469-8c63-712a80a4295e,2026.1,2026-09-05T10:01:00+07:00
b9916111-9b75-5ab9-b88c-4d578a87cd46,2026.1,2026-09-02T10:01:00+07:00
ccc2764e-7734-5390-9c71-46963d2f7820,2026.1,2026-06-10T10:01:00+07:00
d8eb7d55-1c9f-59fe-8ebf-2c509ea2b49f,2026.1,2026-06-01T10:01:00+07:00
dffdeb6f-0d86-5bd0-8d0e-85962427b1d2,2026.1,2026-05-20T10:01:00+07:00
f438b0ab-932f-5687-9e92-e2c6484142f8,2026.1,2026-09-15T10:01:00+07:00
f438b0ab-932f-5687-9e92-e2c6484142f8,2026.2-rev-a-final-1,2026-09-20T08:16:00+07:00
