document_id,project_id,doc_code,file_path,version,uploaded_by,uploaded_at
2ee40fdd-6a0c-5889-a5fc-213f2dfba75e,d74c8638-b266-5ed1-bc2c-ca130a0463da,A13_APPLICATION,private/projects/ferry/a13_application/v1.pdf,1,4ef79de6-8efb-58f7-8514-9c0532345ac4,2026-09-10T13:45:00+07:00
2f65ae6b-093f-5e85-9498-6ab660b0ccc1,8b0fd28f-7963-5089-879a-6970d82e04af,A13_SERVICE_AGREEMENT,private/projects/blues/a13_service_agreement/v1.pdf,1,4ef79de6-8efb-58f7-8514-9c0532345ac4,2026-08-27T13:45:00+07:00
3122e533-ff26-58ac-baea-61a8aad6c5b1,8b0fd28f-7963-5089-879a-6970d82e04af,A13_ART9_COMMITMENT,private/projects/blues/a13_art9_commitment/v1.pdf,1,4ef79de6-8efb-58f7-8514-9c0532345ac4,2026-08-27T13:45:00+07:00
39b2d577-783a-536d-b2b8-2826edac111a,d74c8638-b266-5ed1-bc2c-ca130a0463da,FOREIGN_CREW_LIST,private/projects/ferry/foreign_crew_list/v1.pdf,1,b9916111-9b75-5ab9-b88c-4d578a87cd46,2026-09-19T13:45:00+07:00
4b569f8f-caf1-51b9-8fb2-8b7619d6a3dc,acbcadc9-e8ae-5507-b207-6322f59faf0e,A13_APPLICATION,private/projects/rice/a13_application/v1.pdf,1,95f36904-6141-5469-8c63-712a80a4295e,2026-09-18T13:45:00+07:00
919ddc2a-1b26-5d98-9352-998d4f7585fd,196465cf-563e-507e-aa03-b73497ac8e56,A13_APPLICATION,private/projects/lantern/a13_application/v1.pdf,1,118de3c8-88eb-5003-a2f9-26bbdd0186ae,2026-09-17T13:45:00+07:00
aedb89f7-38c6-58eb-8afd-1f357660681f,d74c8638-b266-5ed1-bc2c-ca130a0463da,A13_APPLICATION,private/projects/ferry/a13_application/v2.pdf,2,b9916111-9b75-5ab9-b88c-4d578a87cd46,2026-09-19T13:45:00+07:00
c8455dd7-adb5-5904-8598-bd7138586f93,8b0fd28f-7963-5089-879a-6970d82e04af,A13_SCRIPT_VI,private/projects/blues/a13_script_vi/v1.pdf,1,4ef79de6-8efb-58f7-8514-9c0532345ac4,2026-08-28T13:45:00+07:00
d2616ccc-eade-5d6f-84f2-ddb26c859f5f,8b0fd28f-7963-5089-879a-6970d82e04af,A13_APPLICATION,private/projects/blues/a13_application/v1.pdf,1,4ef79de6-8efb-58f7-8514-9c0532345ac4,2026-08-26T13:45:00+07:00
