rule_id,rule_code,rule_version,title_vi,title_en,description_vi,description_en,guidance_vi,guidance_en,citation,severity,topic,rule_slug,status,approved_by,approved_at,is_active
04d579a6-f073-5c1d-a0a3-f591b084bd7f,A9-DRUG,,Mô tả việc sử dụng ma túy,Depiction of drug use,"Mô tả quy tắc A9-DRUG — bản mẫu, chờ Ban Pháp chế VFDA soạn chính thức.","Description of rule A9-DRUG — mockup text, pending the VFDA Legal Board's wording.",Điểm cần cân nhắc: nêu rõ bối cảnh và cách thể hiện trong kịch bản tóm tắt.,Points to consider: state the context and how it is shown in the synopsis.,,action,public_order,a9-drug,draft,,,false
16248fa6-33a5-5de1-9513-065abe9c3724,A9-LONG,2026.08,"Cảnh quay liên quan đến khu vực biên giới, cột mốc và đồn biên phòng","Scenes involving border areas, border markers, border guard posts and the movement of people or goods across national borders, including dramatised smuggling, in any segment and any format of producti","Mô tả quy tắc A9-LONG — bản mẫu, chờ Ban Pháp chế VFDA soạn chính thức.","Description of rule A9-LONG — mockup text, pending the VFDA Legal Board's wording.",Điểm cần cân nhắc: nêu rõ bối cảnh và cách thể hiện trong kịch bản tóm tắt.,Points to consider: state the context and how it is shown in the synopsis.,"Law 05/2022/QH15, Art. 9",action,security,a9-long,approved,d8eb7d55-1c9f-59fe-8ebf-2c509ea2b49f,2026-08-28T15:30:00+07:00,true
41d62c39-2f0e-5f72-be8d-7c289bf3ad19,A9-MAP,2026.06,Bản đồ thể hiện đường biên giới quốc gia (thay bằng A9-LONG),Maps showing national borders (replaced by A9-LONG),"Mô tả quy tắc A9-MAP — bản mẫu, chờ Ban Pháp chế VFDA soạn chính thức.","Description of rule A9-MAP — mockup text, pending the VFDA Legal Board's wording.",Điểm cần cân nhắc: nêu rõ bối cảnh và cách thể hiện trong kịch bản tóm tắt.,Points to consider: state the context and how it is shown in the synopsis.,"Law 05/2022/QH15, Art. 9",action,security,a9-map,retired,d8eb7d55-1c9f-59fe-8ebf-2c509ea2b49f,2026-06-15T15:30:00+07:00,false
842f7466-82e1-5711-8ad9-5b48802355a8,A9-PERSON,2026.08,"Người thật, có thể nhận diện","Real, identifiable persons","Mô tả quy tắc A9-PERSON — bản mẫu, chờ Ban Pháp chế VFDA soạn chính thức.","Description of rule A9-PERSON — mockup text, pending the VFDA Legal Board's wording.",Điểm cần cân nhắc: nêu rõ bối cảnh và cách thể hiện trong kịch bản tóm tắt.,Points to consider: state the context and how it is shown in the synopsis.,"Law 05/2022/QH15, Art. 9",notice,privacy,a9-person,approved,d8eb7d55-1c9f-59fe-8ebf-2c509ea2b49f,2026-08-28T15:30:00+07:00,true
bb4529ba-0575-5832-b322-b118c75e3383,A13-DOSSIER,2026.06,Bốn thành phần hồ sơ theo khoản 3 Điều 13,"Four dossier components under Article 13, clause 3","Mô tả quy tắc A13-DOSSIER — bản mẫu, chờ Ban Pháp chế VFDA soạn chính thức.","Description of rule A13-DOSSIER — mockup text, pending the VFDA Legal Board's wording.",Điểm cần cân nhắc: nêu rõ bối cảnh và cách thể hiện trong kịch bản tóm tắt.,Points to consider: state the context and how it is shown in the synopsis.,"Law 05/2022/QH15, Art. 13(3)",action,dossier,a13-dossier,approved,d8eb7d55-1c9f-59fe-8ebf-2c509ea2b49f,2026-06-15T15:30:00+07:00,true
c28d90b4-fab6-5f40-84b9-fbed4bd039bb,A9-RELIG,2026.07,Cơ sở và nghi lễ tôn giáo,Religious sites and practices,"Mô tả quy tắc A9-RELIG — bản mẫu, chờ Ban Pháp chế VFDA soạn chính thức.","Description of rule A9-RELIG — mockup text, pending the VFDA Legal Board's wording.",Điểm cần cân nhắc: nêu rõ bối cảnh và cách thể hiện trong kịch bản tóm tắt.,Points to consider: state the context and how it is shown in the synopsis.,"Law 05/2022/QH15, Art. 9",notice,religion,a9-relig,approved,d8eb7d55-1c9f-59fe-8ebf-2c509ea2b49f,2026-07-20T15:30:00+07:00,true
dbeb6f55-b249-5425-b605-708b7d1bef1b,A9-MIL,2026.06,"Quân phục, vũ khí hoặc công trình quân sự","Military uniforms, weapons or installations on screen","Mô tả quy tắc A9-MIL — bản mẫu, chờ Ban Pháp chế VFDA soạn chính thức.","Description of rule A9-MIL — mockup text, pending the VFDA Legal Board's wording.",Điểm cần cân nhắc: nêu rõ bối cảnh và cách thể hiện trong kịch bản tóm tắt.,Points to consider: state the context and how it is shown in the synopsis.,"Law 05/2022/QH15, Art. 9",action,security,a9-mil,approved,d8eb7d55-1c9f-59fe-8ebf-2c509ea2b49f,2026-06-15T15:30:00+07:00,true
dcb215cf-f0a4-563a-bbf7-3fb73fa0bfde,A9-HERIT,,Quay phim trong khu vực di sản được bảo vệ,Filming inside a protected heritage zone,"Mô tả quy tắc A9-HERIT — bản mẫu, chờ Ban Pháp chế VFDA soạn chính thức.","Description of rule A9-HERIT — mockup text, pending the VFDA Legal Board's wording.",Điểm cần cân nhắc: nêu rõ bối cảnh và cách thể hiện trong kịch bản tóm tắt.,Points to consider: state the context and how it is shown in the synopsis.,,notice,heritage,a9-herit,draft,,,false
e7092ddb-87b7-55bc-95bb-e97817d184ed,A9-HIST,2026.07,Nhân vật và sự kiện lịch sử,Historical figures and events,"Mô tả quy tắc A9-HIST — bản mẫu, chờ Ban Pháp chế VFDA soạn chính thức.","Description of rule A9-HIST — mockup text, pending the VFDA Legal Board's wording.",Điểm cần cân nhắc: nêu rõ bối cảnh và cách thể hiện trong kịch bản tóm tắt.,Points to consider: state the context and how it is shown in the synopsis.,"Law 05/2022/QH15, Art. 9",notice,history,a9-hist,approved,d8eb7d55-1c9f-59fe-8ebf-2c509ea2b49f,2026-07-20T15:30:00+07:00,true
