location_id,slug,province_id,name_vi,name_en,district,lat,lng,airport_km,scene_types,desc_vi,desc_en,crew_capacity,lodging_20km,grid_power,truck_access,months_to_avoid,permit_complexity,restriction_note,intake_status,published,blocked_reason
009c57a1-cd44-57a7-84cf-58100927c571,ca-mau-cape,33,"Khu du lịch Mũi Cà Mau – điểm cực Nam của Tổ quốc, rừng ngập mặn ven biển và bãi bồi tại huyện Ngọc Hiển, nơi đất liền vươn ra biển mỗi năm hàng chục mét và rừng đước và rừng đước và rừng đước và rừng","Cà Mau Cape — the southernmost point of mainland Vietnam, with coastal mangrove forest and mudflats that grow into the sea every year and mangroves and mangroves and mangroves and mangroves and mangro",Ngọc Hiển,8.615000,104.724000,400,"[""mangrove"",""sea"",""village""]","Khu du lịch Mũi Cà Mau – điểm cực Nam của Tổ quốc, rừng ngập mặn ven biển và bãi bồi tại huyện Ngọc Hiển, nơi đất liền vươn ra biển mỗi năm hàng chục mét và rừng đước và rừng đước và rừng đước và rừng: mô tả bối cảnh do VFDA biên soạn — bản mẫu.","Cà Mau Cape — the southernmost point of mainland Vietnam, with coastal mangrove forest and mudflats that grow into the sea every year and mangroves and mangroves and mangroves and mangroves and mangro: location description written by VFDA — mockup text.",u15,false,false,false,"[1,2,3,4,5,6,7,8,9,10,11,12]",high,,published,true,
0889fb2d-3178-5598-93ae-3e3693dbe58a,ha-long,7,Vịnh Hạ Long,Ha Long Bay,Hạ Long,20.910100,107.183900,50,"[""sea"",""karst"",""floating_village""]",Vịnh Hạ Long: mô tả bối cảnh do VFDA biên soạn — bản mẫu.,Ha Long Bay: location description written by VFDA — mockup text.,o50,true,true,false,"[7,8,9]",high,Drones need a separate airspace permit.,published,true,
0bad9e61-4903-510e-9ded-67ad619da8b5,dong-van,12,Cao nguyên đá Đồng Văn,Đồng Văn Karst Plateau,Đồng Văn,23.279000,105.362000,420,"[""karst"",""mountain"",""village""]",Cao nguyên đá Đồng Văn: mô tả bối cảnh do VFDA biên soạn — bản mẫu.,Đồng Văn Karst Plateau: location description written by VFDA — mockup text.,u15,false,false,false,"[12,1]",medium,,published,true,
162abff9-9986-52d0-80a6-75fd4e7403f5,mui-ne,25,Đồi cát Mũi Né,Mũi Né Sand Dunes,Phan Thiết,10.933300,108.287000,190,"[""dunes"",""sea""]",Đồi cát Mũi Né: mô tả bối cảnh do VFDA biên soạn — bản mẫu.,Mũi Né Sand Dunes: location description written by VFDA — mockup text.,15_50,true,true,true,[],low,,awaiting_contact,false,Authority contact not verified (M3 BR-004).
29b80495-6dbd-5d4f-b320-96ae8ccf0729,tam-coc,19,Tam Cốc – Bích Động,Tam Coc – Bich Dong,Hoa Lư,20.215000,105.938000,100,"[""karst"",""river"",""rice_field""]",Tam Cốc – Bích Động: mô tả bối cảnh do VFDA biên soạn — bản mẫu.,Tam Coc – Bich Dong: location description written by VFDA — mockup text.,15_50,true,true,true,[9],medium,,published,true,
607132bd-b05b-52c6-900f-5f2928c17a9e,trang-an,19,Quần thể danh thắng Tràng An,Tràng An Landscape Complex,Hoa Lư,20.253600,105.891700,95,"[""karst"",""river"",""village""]",Quần thể danh thắng Tràng An: mô tả bối cảnh do VFDA biên soạn — bản mẫu.,Tràng An Landscape Complex: location description written by VFDA — mockup text.,15_50,true,true,true,"[9,10]",high,Drones need a separate airspace permit.,published,true,
8a12db2b-bfe3-582a-82d9-95a786d33175,hoi-an,21,Phố cổ Hội An,Hội An Ancient Town,Hội An,15.880100,108.338000,30,"[""old_town"",""river"",""market""]",Phố cổ Hội An: mô tả bối cảnh do VFDA biên soạn — bản mẫu.,Hội An Ancient Town: location description written by VFDA — mockup text.,15_50,true,true,true,"[10,11]",medium,,published,true,
8e10fbb0-a00d-5a68-b790-daad86a8d593,cai-rang,30,Chợ nổi Cái Răng,Cái Răng Floating Market,Cái Răng,10.005600,105.747000,12,"[""river"",""market"",""floating_village""]",Chợ nổi Cái Răng: mô tả bối cảnh do VFDA biên soạn — bản mẫu.,Cái Răng Floating Market: location description written by VFDA — mockup text.,15_50,true,true,true,[],medium,,published,true,
980bcd8e-75c9-5cda-8b31-049fa39f9109,phong-nha,20,Động Phong Nha,Phong Nha Cave,Bố Trạch,17.591000,106.283200,45,"[""cave"",""river"",""jungle""]",Động Phong Nha: mô tả bối cảnh do VFDA biên soạn — bản mẫu.,Phong Nha Cave: location description written by VFDA — mockup text.,u15,true,false,false,"[10,11]",high,,published,true,
ae2760b4-7a9b-5528-a202-39e5a1d456f0,cua-van,7,Làng chài Cửa Vạn,Cửa Vạn Fishing Village,Hạ Long,20.845000,107.155000,55,"[""floating_village"",""sea"",""village""]",Làng chài Cửa Vạn: mô tả bối cảnh do VFDA biên soạn — bản mẫu.,Cửa Vạn Fishing Village: location description written by VFDA — mockup text.,u15,false,false,false,"[7,8,9]",medium,,unpublished,false,Unpublished by VFDA: the floating village has moved ashore (2026-09).
e64436a4-8286-5ed0-9902-6eb45545eb7b,mu-cang-chai,13,Ruộng bậc thang Mù Cang Chải,Mù Cang Chải Rice Terraces,Mù Cang Chải,21.852000,104.090000,280,"[""rice_terrace"",""mountain"",""village""]",Ruộng bậc thang Mù Cang Chải: mô tả bối cảnh do VFDA biên soạn — bản mẫu.,Mù Cang Chải Rice Terraces: location description written by VFDA — mockup text.,u15,false,false,false,"[1,2,7]",low,,published,true,
