user_id,full_name,crew_role,locale,producer_org_id
118de3c8-88eb-5003-a2f9-26bbdd0186ae,Tanaka Yui,production_coordinator,en,6f341083-77f5-5e81-a29a-fe056cb5295f
1396ef42-92a1-55ca-bfd0-199050d5411b,Huỳnh Minh Tuấn,line_producer,vi,
18557ae8-32fa-5e30-9f76-295c73953f1d,Liam Walsh,producer,en,3e42db18-804e-57fb-92f4-03dd27f328d8
2985398f-7372-5d92-a85d-117c3a4b91e4,Daniel Okafor,director,en,2ecafbac-63e7-5717-a97c-b212bad96dad
4ef79de6-8efb-58f7-8514-9c0532345ac4,Park Min-jun,producer,en,f8cd729a-5118-5b4a-a656-6ee31f1b6b12
515529a9-46d9-559c-aab4-e5fb31eedeea,Nguyễn Thị Thu Hà,other,vi,
51cb9dcd-186a-5a75-86a7-83164edf55c4,Đỗ Văn Khải,production_coordinator,vi,
74749444-a35e-5c4b-892b-2f8cb8cf80b9,Lê Hoàng Phúc,other,vi,
7fb2c537-b4ce-5e60-88e7-4c29c845c7da,Mateo Rossi,other,en,c081b8a5-8275-56eb-8609-e0fdc22175ea
95f36904-6141-5469-8c63-712a80a4295e,Sophie Laurent,producer,en,3c79ab58-c9bd-58c2-82cc-5dbdfa0e80a0
b9916111-9b75-5ab9-b88c-4d578a87cd46,Han Ji-woo,line_producer,en,f8cd729a-5118-5b4a-a656-6ee31f1b6b12
ccc2764e-7734-5390-9c71-46963d2f7820,Phạm Ngọc Lan,line_producer,vi,
d8eb7d55-1c9f-59fe-8ebf-2c509ea2b49f,Trần Minh Quân,other,vi,
dffdeb6f-0d86-5bd0-8d0e-85962427b1d2,Vũ Đức Anh,other,vi,
f438b0ab-932f-5687-9e92-e2c6484142f8,"Alexandria Konstantinopoulou-Nguyễn Thị Phương Thảo de la Fontaine-Wickramasinghe, Head of International Co-productions ",other,vi,f8cd729a-5118-5b4a-a656-6ee31f1b6b12
