shortlist_id,project_id,location_id,role
26648b9d-020f-5367-98ba-889e3af3c53a,8b0fd28f-7963-5089-879a-6970d82e04af,ae2760b4-7a9b-5528-a202-39e5a1d456f0,backup
31effade-8cdd-51e4-8d2f-498fdc92bbe0,d43ad9c0-24eb-55e2-a41b-60a19c446eb2,009c57a1-cd44-57a7-84cf-58100927c571,primary
64415dae-118e-537f-8927-e710dc73fce9,03f0d59d-ab53-519c-912e-71c66f38f3b6,e64436a4-8286-5ed0-9902-6eb45545eb7b,primary
6acd41fb-4087-5a9a-948b-07066d3b8bba,d74c8638-b266-5ed1-bc2c-ca130a0463da,607132bd-b05b-52c6-900f-5f2928c17a9e,primary
81f958be-c82b-5e0d-b22c-92858a1fed04,d74c8638-b266-5ed1-bc2c-ca130a0463da,0889fb2d-3178-5598-93ae-3e3693dbe58a,backup
9f3ef6d5-dc8d-5930-92a8-34aa3e338d7d,d74c8638-b266-5ed1-bc2c-ca130a0463da,29b80495-6dbd-5d4f-b320-96ae8ccf0729,backup
e22901a2-ed2d-5d2b-b98e-8d02db3e8e59,8b0fd28f-7963-5089-879a-6970d82e04af,0889fb2d-3178-5598-93ae-3e3693dbe58a,primary
e720557a-876f-5ab5-90ce-24f640573cec,acbcadc9-e8ae-5507-b207-6322f59faf0e,8e10fbb0-a00d-5a68-b790-daad86a8d593,primary
ea39a264-4217-5731-b149-a26795ea7456,196465cf-563e-507e-aa03-b73497ac8e56,8a12db2b-bfe3-582a-82d9-95a786d33175,primary
