segment_decision_id,session_or_project_id,segment_rule_id,q1_shoot_in_vn,q2_release,q3_producer,q4_needs,segment,segment_override,decided_by,journey_config
08680ff3-f5b0-5c36-a990-ad5a083f1436,f1419149-4224-59e3-84d5-0697a882957c,9bd25b94-2ecc-5ad3-b911-1bf51746b604,false,,,"[""cast""]",C,,[1],"{""gauges"":[""content"",""locations"",""partners""]}"
0b049e1e-d2dc-5a7f-844a-8422997e8484,d74c8638-b266-5ed1-bc2c-ca130a0463da,bfc3aa20-4f48-5eb7-98b6-f07cb86713ed,true,abroad,foreign,"[""locations"",""crew""]",A,,"[1,2,3]","{""gauges"":[""content"",""locations"",""partners"",""dossier""]}"
19ac9972-9369-50c7-9763-9b62d3d5cf95,session:c4d2a716,339d6907-7c3f-5959-bd2e-f9fd733557ab,true,abroad,coproduction,"[""crew""]",A,,"[1,2,3]","{""gauges"":[""content"",""locations"",""partners"",""dossier""]}"
1a9d16cf-e5a5-5013-9769-e9c167148de4,acbcadc9-e8ae-5507-b207-6322f59faf0e,587f40e0-a8a4-5a0b-90a2-e29dd769413d,true,vietnam,foreign,"[""locations"",""logistics""]",B,,"[1,2,3]","{""gauges"":[""content"",""locations"",""partners"",""dossier""]}"
6d6b7b35-0f78-5858-9bd4-2489e3fc49f6,session:2b88f0d1,,false,,,"[""locations""]",,,[],
8462cc0f-954a-5e96-aba9-097d5c955847,196465cf-563e-507e-aa03-b73497ac8e56,bfc3aa20-4f48-5eb7-98b6-f07cb86713ed,true,abroad,foreign,"[""locations"",""cast""]",A,,"[1,2,3]","{""gauges"":[""content"",""locations"",""partners"",""dossier""]}"
a7f90a1d-0bef-56fd-a656-10a8e3a90433,acbcadc9-e8ae-5507-b207-6322f59faf0e,bfc3aa20-4f48-5eb7-98b6-f07cb86713ed,true,abroad,foreign,"[""locations""]",A,,"[1,2,3]","{""gauges"":[""content"",""locations"",""partners"",""dossier""]}"
ea09b315-b524-56a4-a450-e19e7e213c00,session:7c1e9a40,bfc3aa20-4f48-5eb7-98b6-f07cb86713ed,true,abroad,foreign,[],B,B,"[1,2,3]","{""gauges"":[""content"",""locations"",""partners"",""dossier""]}"
f220f8d2-e99a-5d3c-8675-f9dfe72f0a6e,03f0d59d-ab53-519c-912e-71c66f38f3b6,bfc3aa20-4f48-5eb7-98b6-f07cb86713ed,true,abroad,foreign,"[""locations""]",A,,"[1,2,3]","{""gauges"":[""content"",""locations"",""partners"",""dossier""]}"
