user_id,email,email_verified,role,created_at
118de3c8-88eb-5003-a2f9-26bbdd0186ae,yui.tanaka@sakuralane.example.jp,true,member,2026-09-08T10:00:00+07:00
1396ef42-92a1-55ca-bfd0-199050d5411b,tuan.huynh@mekongframe.example.vn,true,partner,2026-09-10T10:00:00+07:00
18557ae8-32fa-5e30-9f76-295c73953f1d,liam.walsh@northwinddocs.example.com.au,true,member,2026-07-14T10:00:00+07:00
2985398f-7372-5d92-a85d-117c3a4b91e4,daniel.okafor@kestrelpictures.example.co.uk,true,member,2026-09-20T10:00:00+07:00
4ef79de6-8efb-58f7-8514-9c0532345ac4,minjun.park@harbourline.example.kr,true,member,2026-08-30T10:00:00+07:00
515529a9-46d9-559c-aab4-e5fb31eedeea,thuha.nguyen@vfda-demo.example.vn,true,vfda_staff,2026-06-01T10:00:00+07:00
51cb9dcd-186a-5a75-86a7-83164edf55c4,khai.do@dongang.example.vn,true,partner,2026-03-05T10:00:00+07:00
74749444-a35e-5c4b-892b-2f8cb8cf80b9,phuc.le@vfda-demo.example.vn,true,vfda_staff,2026-06-01T10:00:00+07:00
7fb2c537-b4ce-5e60-88e7-4c29c845c7da,mateo.rossi@rossifilm.example.it,false,member,2026-09-27T10:00:00+07:00
95f36904-6141-5469-8c63-712a80a4295e,sophie.laurent@lumierenord.example.fr,true,member,2026-09-05T10:00:00+07:00
b9916111-9b75-5ab9-b88c-4d578a87cd46,jiwoo.han@harbourline.example.kr,true,member,2026-09-02T10:00:00+07:00
ccc2764e-7734-5390-9c71-46963d2f7820,lan.pham@benxua.example.vn,true,partner,2026-06-10T10:00:00+07:00
d8eb7d55-1c9f-59fe-8ebf-2c509ea2b49f,quan.tran@vfda-demo.example.vn,true,vfda_legal,2026-06-01T10:00:00+07:00
dffdeb6f-0d86-5bd0-8d0e-85962427b1d2,ducanh.vu@vfda-demo.example.vn,true,admin,2026-05-20T10:00:00+07:00
f438b0ab-932f-5687-9e92-e2c6484142f8,international.coproductions.and.location.services.desk.team.team@coproduction-department-desk-desk-desk-desk-desk-desk-d.international-location-services-desk-desk-desk-desk-des.asia-pacific-region-desk-desk-desk-desk-desk-desk-desk-.harbourlin.example.kr,true,member,2026-09-15T10:00:00+07:00
